{
  "llama": 0.4660493827160494,
  "mistral": 0.39814814814814814,
  "phi": 0.3395061728395062
}