{
  "llama": {
    "bleu": 0.015722693000766615,
    "rouge": 0.15954252530191634
  },
  "mistral": {
    "bleu": 0.021181824261246235,
    "rouge": 0.19906040209919915
  },
  "phi": {
    "bleu": 0.01045094557958368,
    "rouge": 0.16380037475068535
  }
}