{
  "llama": {
    "bleu": 0.08170640911725055,
    "rouge": 0.15954252530191634,
    "semantic_similarity": 0.7811151742935181,
    "f1": 0.24624030598525704,
    "bertscore": 0.7873964905738831
  },
  "mistral": {
    "bleu": 0.11578316434303844,
    "rouge": 0.19906040209919915,
    "semantic_similarity": 0.8069318532943726,
    "f1": 0.2941464863570745,
    "bertscore": 0.8154857158660889
  },
  "phi": {
    "bleu": 0.08375206333793246,
    "rouge": 0.16380037475068535,
    "semantic_similarity": 0.762272298336029,
    "f1": 0.26300513462039216,
    "bertscore": 0.8014959096908569
  }
}